"id","target_id","metric_name","value","tags"
"0198af6d-7448-7b41-9a07-ef43e50c72d2","0198af6d-39bd-7ab2-89aa-24ae9da89e59","resolution_potential",true,"{}"
"0198ae58-3fa7-77a3-a92c-18a89b0b4711","0198a9dc-b1fa-7050-81a2-f019f97634e7","intent_accuracy",false,"{}"
"0198ae85-d583-7980-b5e5-e93f8c577872","0198a9dc-b1fa-7050-81a2-f019f97634e7","intent_accuracy",true,"{}"
"0198ae58-4979-7e72-8411-c106944928bb","0198a9dc-b1fa-7050-81a2-f0223817a3bf","resolution_potential",true,"{}"
"0198ae58-398f-7952-b5cc-ed1438367ad9","0198a9e0-e29f-7590-824b-9c527a11fd2f","intent_accuracy",false,"{}"
"0198ae85-cf51-7132-97b2-6ca0b98ef13c","0198a9e0-e29f-7590-824b-9c527a11fd2f","intent_accuracy",true,"{}"
"0198ae58-49b0-7c51-860c-910c0f62e881","0198a9e0-e29f-7590-824b-9c617652943f","resolution_potential",true,"{}"
"0198aefb-3d9d-7051-a438-7c7423cfa057","0198aefb-205e-7b02-83a6-c2dadcc5c919","intent_accuracy",true,"{}"
"0198ae58-3682-7d51-8bd3-63677e9205fc","0198a9e2-f5d5-7322-845e-2f8616c853ba","intent_accuracy",false,"{}"
"0198ae85-cc37-7092-aa6d-7b694a80f45a","0198a9e2-f5d5-7322-845e-2f8616c853ba","intent_accuracy",true,"{}"
"0198ae58-49e8-7222-9341-15a0eb821385","0198a9e2-f5d5-7322-845e-2f95f392c5a9","resolution_potential",true,"{}"
"0198af41-4836-7c23-ab4b-9eace59a581a","0198af41-22dd-7d02-84de-397e11803c96","intent_accuracy",true,"{}"
"0198af41-4837-7602-a01a-efae5e80ca76","0198af41-22dd-7d02-84de-39851a54a714","resolution_potential",true,"{}"
"0198ae58-477b-7812-a87a-6e1224c8f406","0198a9d7-5d91-7560-85cb-1b3f4976087d","intent_accuracy",false,"{}"
"0198ae85-dd83-7291-8e92-85ae1139f866","0198a9d7-5d91-7560-85cb-1b3f4976087d","intent_accuracy",true,"{}"
"0198ae58-4a20-7723-84ab-9682673c7e25","0198a9d7-5d91-7560-85cb-1b47a2a18320","resolution_potential",true,"{}"
"0198ae58-4902-7de0-a616-1a73ec39f57c","0198a9d6-66a5-7b42-86cf-4180303249f2","intent_accuracy",false,"{}"
"0198ae85-df15-7240-ba60-53f086ea33a9","0198a9d6-66a5-7b42-86cf-4180303249f2","intent_accuracy",true,"{}"
"0198ae58-4a57-76c2-8064-6e51c0d39421","0198a9d6-66a5-7b42-86cf-4192e0f14bc6","resolution_potential",true,"{}"
"0198ae58-46d3-7aa2-96b9-1ce7033d4f4c","0198a9d7-bebe-7701-8700-0bc62d9b434f","intent_accuracy",false,"{}"
"0198ae85-dcdb-7f12-b1de-fab78ce6ac3e","0198a9d7-bebe-7701-8700-0bc62d9b434f","intent_accuracy",true,"{}"
"0198ae58-4a90-7af0-a7ce-9af3388a8fef","0198a9d7-bebe-7701-8700-0bd872d033c8","resolution_potential",true,"{}"
"0198ae58-427a-7a60-bf22-9c6d5c9f815b","0198a9da-ccb9-7a82-8705-d0d7ec3a18b8","intent_accuracy",false,"{}"
"0198ae85-d869-7c93-898f-0685c22cf6ff","0198a9da-ccb9-7a82-8705-d0d7ec3a18b8","intent_accuracy",true,"{}"
"0198ae58-4ac8-7a81-aebe-a643d7ed61e9","0198a9da-ccb9-7a82-8705-d0ee6d18dcee","resolution_potential",true,"{}"
"0198aef5-8fe6-7f52-a2f0-664203efbc94","0198aef5-557c-7180-8793-aa639ee72970","intent_accuracy",true,"{}"
"0198af0c-b08b-7df3-b6bc-7b417b7c8674","0198af0c-944e-7572-87a6-89f117ad6155","intent_accuracy",true,"{}"
"0198ae58-3a36-7b92-b39d-fb9b7ee8e671","0198a9e0-70de-7bc2-87b9-ef24108753d9","intent_accuracy",false,"{}"
"0198ae85-cffb-7d20-9478-cde6df9a4170","0198a9e0-70de-7bc2-87b9-ef24108753d9","intent_accuracy",true,"{}"
"0198ae58-4b00-71e1-ab0e-8deb0eb2ecd6","0198a9e0-70de-7bc2-87b9-ef3b64671866","resolution_potential",true,"{}"
"0198ae58-3bf7-7af2-8f9c-eb57357abed4","0198a9df-3d79-7de1-87d6-88f5b46a885c","intent_accuracy",false,"{}"
"0198ae85-d1bf-7322-aaad-603bf3147894","0198a9df-3d79-7de1-87d6-88f5b46a885c","intent_accuracy",true,"{}"
"0198ae58-4b38-7a92-a667-d3dc59a1125d","0198a9df-3d79-7de1-87d6-890e958d9e5e","resolution_potential",true,"{}"
"0198ae58-3b50-7d70-910e-8419510db068","0198a9df-b60f-7893-8815-99d3f676d908","intent_accuracy",false,"{}"
"0198ae85-d115-7ef3-bfca-6febf5f67ba9","0198a9df-b60f-7893-8815-99d3f676d908","intent_accuracy",true,"{}"
"0198ae58-4b70-7901-9f2c-318ddee737ec","0198a9df-b60f-7893-8815-99e576a30056","resolution_potential",true,"{}"
"0198aeae-bdf9-7d60-b6c7-96035ab62901","0198aeae-a58b-78b0-8947-c1f7b4a668db","intent_accuracy",true,"{}"
"0198af11-039a-77f2-a3ca-e0d45102f6e6","0198af10-cd26-7af1-8ac3-6e9521de9f4d","intent_accuracy",true,"{}"
"0198ae58-4084-7ac3-ada9-5bb3ac878392","0198a9dc-2e85-7983-8ad4-36fda3bb5fc5","intent_accuracy",false,"{}"
"0198ae85-d66a-7b70-9f61-bd6c31e1408a","0198a9dc-2e85-7983-8ad4-36fda3bb5fc5","intent_accuracy",true,"{}"
"0198ae58-4ba9-70b1-b656-979415c134e9","0198a9dc-2e85-7983-8ad4-3702fd86e3fc","resolution_potential",true,"{}"
"0198af0b-a711-79f1-900a-72b9f399f165","0198af0b-898d-7563-8b52-c03261f8a866","intent_accuracy",true,"{}"
"0198ae58-4436-7ec1-ac6d-32ceda8b5f5f","0198a9d9-7fb7-72a1-8b77-aa40b180d03b","intent_accuracy",false,"{}"
"0198ae85-da2d-7801-a748-d1022ea2b71c","0198a9d9-7fb7-72a1-8b77-aa40b180d03b","intent_accuracy",true,"{}"
"0198ae58-4be1-7270-b906-b29f785e4d08","0198a9d9-7fb7-72a1-8b77-aa54b6407441","resolution_potential",true,"{}"
"0198af3b-26e1-7d40-8763-e35b48930742","0198af3a-fddb-71c0-8bd6-3bf59ac3235f","intent_accuracy",true,"{}"
"0198af3b-26e1-7d40-8763-e367f120372f","0198af3a-fddb-71c0-8bd6-3c043ed017e4","resolution_potential",true,"{}"
"0198ae58-4664-7221-a435-b5d7a98a5738","0198a9d7-f846-7340-8c47-afa3ca280300","intent_accuracy",false,"{}"
"0198ae85-dc69-7232-8dd1-b504b7073409","0198a9d7-f846-7340-8c47-afa3ca280300","intent_accuracy",true,"{}"
"0198ae58-4c18-7232-a11c-98eec814d036","0198a9d7-f846-7340-8c47-afb7b62f7413","resolution_potential",true,"{}"
"0198ae58-36ba-7973-8a7a-8fd7e0831a07","0198a9e2-d966-7e42-8cc9-a5edfb1b89a4","intent_accuracy",false,"{}"
"0198ae85-cc71-74a2-8d5b-f8b1063922d5","0198a9e2-d966-7e42-8cc9-a5edfb1b89a4","intent_accuracy",true,"{}"
"0198ae58-4c50-7692-8508-a65a282d7b48","0198a9e2-d966-7e42-8cc9-a5f750e92074","resolution_potential",true,"{}"
"0198ae58-4358-7072-bf78-0adaaaa21450","0198a9da-3b0e-7d43-8d5c-360396f917fe","intent_accuracy",false,"{}"
"0198ae85-d94a-7133-b680-cc63cc45d84a","0198a9da-3b0e-7d43-8d5c-360396f917fe","intent_accuracy",true,"{}"
"0198ae58-4c87-7331-afa7-1a18c63276ea","0198a9da-3b0e-7d43-8d5c-361825129116","resolution_potential",true,"{}"
"0198af1a-4adc-7441-aaa6-bfb47433761d","0198af1a-2350-7d40-8d83-4e69032ace37","intent_accuracy",true,"{}"
"0198ae58-34c1-7530-8956-36adf758ca9f","0198a9e4-1b9d-7c63-8e24-577078e357e2","intent_accuracy",false,"{}"
"0198ae85-ca6a-7783-a0c2-8a3aac2a64c6","0198a9e4-1b9d-7c63-8e24-577078e357e2","intent_accuracy",true,"{}"
"0198ae58-4cbf-7922-a7b0-c510fa05e0ca","0198a9e4-1b9d-7c63-8e24-5784cbc8a58d","resolution_potential",true,"{}"
"0198ae58-44a6-7d22-8ff1-638147ca7762","0198a9d9-25f9-7481-8e27-9e22a906623b","intent_accuracy",false,"{}"
"0198ae85-da9e-77b0-b521-b8aeeace498f","0198a9d9-25f9-7481-8e27-9e22a906623b","intent_accuracy",true,"{}"
"0198ae58-4cf6-7852-a542-d91404509248","0198a9d9-25f9-7481-8e27-9e3d645d7f72","resolution_potential",true,"{}"
"0198ae58-391f-7a61-9b25-3a7be2ae3f2f","0198a9e1-4733-7922-8e68-279ad16f9bd8","intent_accuracy",false,"{}"
"0198ae85-cedf-7ca3-a96b-18120dda90cc","0198a9e1-4733-7922-8e68-279ad16f9bd8","intent_accuracy",true,"{}"
"0198ae58-4d2d-7fa3-8110-f1e48aeb8d7c","0198a9e1-4733-7922-8e68-27a7b9140e5a","resolution_potential",true,"{}"
"0198ae58-35a0-78b3-bba9-7a815a1ab8a6","0198a9e3-81bb-73a0-8ec6-d657f58ed2e2","intent_accuracy",false,"{}"
"0198ae85-cb51-7b93-80e3-461bddd54beb","0198a9e3-81bb-73a0-8ec6-d657f58ed2e2","intent_accuracy",true,"{}"
"0198ae58-4d64-7a80-9734-ac3aac219a04","0198a9e3-81bb-73a0-8ec6-d667998dacd4","resolution_potential",true,"{}"
"0198ae58-35d8-7a71-ac55-7df31a51b100","0198a9e3-5d74-71b3-8ed9-34ac8c46ec93","intent_accuracy",false,"{}"
"0198ae85-cb8b-7bb3-9b94-3fa2f8db6513","0198a9e3-5d74-71b3-8ed9-34ac8c46ec93","intent_accuracy",true,"{}"
"0198ae58-4d9c-73f1-8d6d-6bc227b4aa66","0198a9e3-5d74-71b3-8ed9-34b735dbf200","resolution_potential",true,"{}"
"0198aeb0-f9a1-77c2-9b54-c5259b728794","0198aeb0-d391-7571-8ee9-2e1631d509f1","intent_accuracy",true,"{}"
"0198ae58-3f70-7823-b4a2-0fdb604e9895","0198a9dc-d2ad-7171-8f14-2e0373b0daba","intent_accuracy",false,"{}"
"0198ae85-d54a-78e2-a451-d221534bb9d9","0198a9dc-d2ad-7171-8f14-2e0373b0daba","intent_accuracy",true,"{}"
"0198ae58-4dd4-7c81-a4d1-64ac7307f862","0198a9dc-d2ad-7171-8f14-2e1dd1e6f250","resolution_potential",true,"{}"
"0198ae58-379a-7f42-9fcc-8928e913f5b9","0198a9e2-3baa-7443-8f73-6e117524c699","intent_accuracy",false,"{}"
"0198ae85-cd52-7f23-9ee5-abea5c782752","0198a9e2-3baa-7443-8f73-6e117524c699","intent_accuracy",true,"{}"
"0198ae58-4e0c-7870-9865-995f2e990007","0198a9e2-3baa-7443-8f73-6e2ab692cad3","resolution_potential",true,"{}"
"0198ae58-3611-79b2-bbc6-cfd9c81df751","0198a9e3-3b7c-7543-8f77-dbdef1926156","intent_accuracy",false,"{}"
"0198ae85-cbc6-7381-aee2-dfdf3972b7bd","0198a9e3-3b7c-7543-8f77-dbdef1926156","intent_accuracy",true,"{}"
"0198ae58-4e44-73b2-a2f8-f9be3c9f9e15","0198a9e3-3b7c-7543-8f77-dbe765f6a21d","resolution_potential",true,"{}"
"0198af47-5805-75c3-b197-5fe266fa0fb3","0198af47-229d-79e3-8f84-73f9b6a83c2d","intent_accuracy",true,"{}"
"0198af47-5805-75c3-b197-6001ac875367","0198af47-229d-79e3-8f84-740d6e89ed88","resolution_potential",true,"{}"
"0198af29-9d95-7fd2-8a1a-2032f869a608","0198af29-68e0-7583-8ffe-9d3dd0416a57","intent_accuracy",true,"{}"
"0198af29-9d95-7fd2-8a1a-205b1b69bfcf","0198af29-68e0-7583-8ffe-9d45fa0d3d21","resolution_potential",true,"{}"
"0198a978-72fa-7a31-8274-bb25765bad8d","0198a978-6cee-7870-90b6-535addaabca1","intent_accuracy",true,"{}"
"0198ae58-3cd5-7ba2-8ee8-4aa94cbc77e5","0198a9de-a906-7ad1-90bb-bd03461a86bd","intent_accuracy",false,"{}"
"0198ae85-d2a3-7fb0-974e-70ec009a5d79","0198a9de-a906-7ad1-90bb-bd03461a86bd","intent_accuracy",true,"{}"
"0198ae58-4e7c-7cf0-b461-faae7478e5c8","0198a9de-a906-7ad1-90bb-bd14370b099f","resolution_potential",true,"{}"
"0198ae58-3c9e-7e73-be87-a0f84856ddf1","0198a9de-c3e8-7172-91ce-3503e855a620","intent_accuracy",false,"{}"
"0198ae85-d26b-7fe0-83ec-b791580f09fd","0198a9de-c3e8-7172-91ce-3503e855a620","intent_accuracy",true,"{}"
"0198ae58-4eb4-79a1-8642-01738e77375b","0198a9de-c3e8-7172-91ce-35170f65c978","resolution_potential",true,"{}"
"0198ae58-4743-7230-b2ad-36fbb8fbbe45","0198a9d7-8084-7253-92eb-074703a98904","intent_accuracy",false,"{}"
"0198ae85-dd4a-7502-868c-8731810faba2","0198a9d7-8084-7253-92eb-074703a98904","intent_accuracy",true,"{}"
"0198ae58-4eeb-7051-ba84-8c8f2eab50ae","0198a9d7-8084-7253-92eb-075b3816680d","resolution_potential",true,"{}"
"0198ae58-3d7c-7242-96fb-baacc1ae7349","0198a9de-4906-7711-933f-5b5f2c80baf8","intent_accuracy",false,"{}"
"0198ae85-d34e-7140-93d1-a41c9ecc7fb3","0198a9de-4906-7711-933f-5b5f2c80baf8","intent_accuracy",true,"{}"
"0198ae58-4f22-7cc0-a52c-760399befaba","0198a9de-4906-7711-933f-5b6b3dd29049","resolution_potential",true,"{}"
"0198ae58-3ec9-7b20-9414-99ec40ab68e3","0198a9dd-4c0a-7aa2-9391-b6f8b016849b","intent_accuracy",false,"{}"
"0198ae85-d4a1-7e11-8329-ad946330ded2","0198a9dd-4c0a-7aa2-9391-b6f8b016849b","intent_accuracy",true,"{}"
"0198ae58-4f5a-7192-8035-c211afd69c46","0198a9dd-4c0a-7aa2-9391-b7034097eab3","resolution_potential",true,"{}"
"0198ae58-33ab-7822-a501-5e5925e1d36e","0198a9e4-e815-7501-93bf-c812ffe4c9e1","intent_accuracy",false,"{}"
"0198ae85-c942-7aa3-9d51-258f857be2b0","0198a9e4-e815-7501-93bf-c812ffe4c9e1","intent_accuracy",true,"{}"
"0198ae58-4f93-7361-bd19-3428eb03cefe","0198a9e4-e815-7501-93bf-c82c56972aea","resolution_potential",true,"{}"
"0198ae58-43c7-79f3-935a-f8236d35eb16","0198a9d9-d25c-7010-9496-6a6c80f45c4c","intent_accuracy",false,"{}"
"0198ae85-d9bb-7922-9483-5337051290f5","0198a9d9-d25c-7010-9496-6a6c80f45c4c","intent_accuracy",true,"{}"
"0198ae58-4fcb-7af0-856e-6aa6aad86e5a","0198a9d9-d25c-7010-9496-6a7326a4fa74","resolution_potential",true,"{}"
"0198ae58-45f3-71c2-8c03-0b4dbf851079","0198a9d8-37ff-75b0-9530-c59723df40c9","intent_accuracy",false,"{}"
"0198ae85-dbf7-7af0-b0ba-9952c12aa3b7","0198a9d8-37ff-75b0-9530-c59723df40c9","intent_accuracy",true,"{}"
"0198ae58-5002-7ea0-b2e0-61cd41e61a03","0198a9d8-37ff-75b0-9530-c5acde08cc1b","resolution_potential",true,"{}"
"0198ae58-470b-7610-b386-563dff8530d1","0198a9d7-a55e-7ba1-960f-c485c3316ff2","intent_accuracy",false,"{}"
"0198ae85-dd12-70e2-90eb-4e90b8593f7b","0198a9d7-a55e-7ba1-960f-c485c3316ff2","intent_accuracy",true,"{}"
"0198ae58-5039-7fe1-acde-1ddf39bbd036","0198a9d7-a55e-7ba1-960f-c497ea6a73ab","resolution_potential",true,"{}"
"0198ae58-3e92-7590-a5e5-7c7eade49bb5","0198a9dd-9185-7391-961e-6b1aefa21484","intent_accuracy",false,"{}"
"0198ae85-d468-7002-9d62-b960505cec27","0198a9dd-9185-7391-961e-6b1aefa21484","intent_accuracy",true,"{}"
"0198ae58-5071-7271-b86f-98c995e2af61","0198a9dd-9185-7391-961e-6b2926cd4d4b","resolution_potential",true,"{}"
"0198ae58-3d44-7f50-8af8-dc17e14849a3","0198a9de-7640-71d2-9650-e44a3925ca82","intent_accuracy",false,"{}"
"0198ae85-d316-7353-b71d-aab3cfd539ab","0198a9de-7640-71d2-9650-e44a3925ca82","intent_accuracy",true,"{}"
"0198ae58-50a8-7813-9017-d6f2f8cbb3db","0198a9de-7640-71d2-9650-e459aa438093","resolution_potential",true,"{}"
"0198ae58-40bc-78d1-8c9f-f749953c5b59","0198a9dc-0c26-7511-965d-e5cd24ba9645","intent_accuracy",false,"{}"
"0198ae85-d6a2-7f82-9d8d-aa1d174226ae","0198a9dc-0c26-7511-965d-e5cd24ba9645","intent_accuracy",true,"{}"
"0198ae58-50df-7432-a0f8-9d824e223e0e","0198a9dc-0c26-7511-965d-e5d4afa04b83","resolution_potential",true,"{}"
"0198ae58-3b87-7801-956d-62353d73f433","0198a9df-7eb5-7c93-9675-d7258b2b4886","intent_accuracy",false,"{}"
"0198ae85-d14e-7d81-902f-9340a870a34d","0198a9df-7eb5-7c93-9675-d7258b2b4886","intent_accuracy",true,"{}"
"0198ae58-5118-71f2-92d2-37db75014092","0198a9df-7eb5-7c93-9675-d73471d93245","resolution_potential",true,"{}"
"0198af33-8b27-7de0-90e2-234fdd310ea3","0198af33-5c61-71d1-96e6-fa44665d27ce","intent_accuracy",true,"{}"
"0198af33-8b27-7de0-90e2-236614e821e1","0198af33-5c61-71d1-96e6-fa5fa97780ee","resolution_potential",true,"{}"
"0198ae58-48ca-7152-bad2-415de69f145b","0198a9d6-8285-7f13-9799-39f690ac4f0a","intent_accuracy",false,"{}"
"0198ae85-dedc-7b93-867e-0fd88f9fe058","0198a9d6-8285-7f13-9799-39f690ac4f0a","intent_accuracy",true,"{}"
"0198ae58-5150-7853-8b82-ed16ab12a5de","0198a9d6-8285-7f13-9799-3a0180abe2ad","resolution_potential",true,"{}"
"0198ae58-4163-74a0-bfb2-dd3717b5c0b7","0198a9db-9351-78d1-97ef-ad5e3089e10d","intent_accuracy",false,"{}"
"0198ae85-d74c-7fe0-a8e3-2a636111aee1","0198a9db-9351-78d1-97ef-ad5e3089e10d","intent_accuracy",true,"{}"
"0198ae58-5188-74a1-89f0-8d952092496a","0198a9db-9351-78d1-97ef-ad6464339360","resolution_potential",true,"{}"
"0198aef8-23d2-7473-8922-19856cc2650f","0198aef8-012e-7350-9886-c1d3879b847f","intent_accuracy",true,"{}"
"0198af20-f50a-72c3-84e2-1297b367cb2d","0198af20-c9d0-7263-992f-b3c1865a4c2d","intent_accuracy",true,"{}"
"0198af20-f50a-72c3-84e2-12b9af227798","0198af20-c9d0-7263-992f-b3dc65f3c9cd","resolution_potential",true,"{}"
"0198ae58-38af-7470-8f6b-71f5b88c4058","0198a9e1-8f99-7331-9a25-643bef18d875","intent_accuracy",false,"{}"
"0198ae85-ce6e-7ae1-8e20-bbb1838e553d","0198a9e1-8f99-7331-9a25-643bef18d875","intent_accuracy",true,"{}"
"0198ae58-51c0-7b70-aca5-48134e10782f","0198a9e1-8f99-7331-9a25-644a84c08054","resolution_potential",true,"{}"
"0198ae58-41d3-7b80-8b6b-6041fcd1fdd7","0198a9db-438b-7bf0-9a5e-90506e329b11","intent_accuracy",false,"{}"
"0198ae85-d7be-7323-bbce-873e50e69bde","0198a9db-438b-7bf0-9a5e-90506e329b11","intent_accuracy",true,"{}"
"0198ae58-51f8-7523-81a8-555d002cb5d4","0198a9db-438b-7bf0-9a5e-906176bd50cb","resolution_potential",true,"{}"
"0198ae58-485a-7911-a6b8-9c84e531ddd4","0198a9d6-d879-7080-9a73-5b26006efa54","intent_accuracy",false,"{}"
"0198ae85-de64-7d50-9040-1b966bb12e05","0198a9d6-d879-7080-9a73-5b26006efa54","intent_accuracy",true,"{}"
"0198ae58-522f-7053-aa7c-5ffbe93a8525","0198a9d6-d879-7080-9a73-5b34d20aaa08","resolution_potential",true,"{}"
"0198ae58-4584-7d10-a72a-c479458c8d56","0198a9d8-84be-7752-9b2e-cd26a0641175","intent_accuracy",false,"{}"
"0198ae85-db83-7f92-a101-ded899fccc49","0198a9d8-84be-7752-9b2e-cd26a0641175","intent_accuracy",true,"{}"
"0198ae58-5267-7ac3-9d74-dbfbd228d9c7","0198a9d8-84be-7752-9b2e-cd3044fa160c","resolution_potential",true,"{}"
"0198ae58-420b-7e33-866a-b8c46ba374cd","0198a9db-2077-7a62-9b60-ec46e9e985f4","intent_accuracy",false,"{}"
"0198ae85-d7f6-78f3-80cb-68d9899e8cb6","0198a9db-2077-7a62-9b60-ec46e9e985f4","intent_accuracy",true,"{}"
"0198ae58-529e-7de0-a579-5665b6fe7475","0198a9db-2077-7a62-9b60-ec59804cb54d","resolution_potential",true,"{}"
"0198ae58-45bc-7fa3-a465-a24212e02812","0198a9d8-5617-7a50-9ba3-33bd7aed9349","intent_accuracy",false,"{}"
"0198ae85-dbbd-7363-8cc3-0931955133ad","0198a9d8-5617-7a50-9ba3-33bd7aed9349","intent_accuracy",true,"{}"
"0198ae58-52d6-75e1-ac8e-a78181de93d5","0198a9d8-5617-7a50-9ba3-33c68630cf65","resolution_potential",true,"{}"
"0198aef5-393c-7531-8f8d-6c560a8fb92e","0198aef5-0aee-71d3-9bbe-d1cd185bf774","intent_accuracy",true,"{}"
"0198ae58-33e2-7960-b1ec-334a27e98857","0198a9e4-c592-73a3-9bc9-9dc2d9375f56","intent_accuracy",false,"{}"
"0198ae85-c981-7e42-a3e8-37cf09289213","0198a9e4-c592-73a3-9bc9-9dc2d9375f56","intent_accuracy",true,"{}"
"0198ae58-530d-72c0-9b3d-0338272144a1","0198a9e4-c592-73a3-9bc9-9ddc0966fd3f","resolution_potential",true,"{}"
"0198ae58-3bbf-74a3-8b61-ab8655d0e771","0198a9df-5956-7b20-9c27-8011c63a4cee","intent_accuracy",false,"{}"
"0198ae85-d186-7e82-b962-677ba0175e39","0198a9df-5956-7b20-9c27-8011c63a4cee","intent_accuracy",true,"{}"
"0198ae58-5345-7811-9b42-d589fadf8d30","0198a9df-5956-7b20-9c27-8027d106acfb","resolution_potential",true,"{}"
"0198ae58-3840-7393-b122-cee517052d12","0198a9e1-daed-7b93-9c45-a3c7105b740d","intent_accuracy",false,"{}"
"0198ae85-cdfd-7b81-88c1-affb5e3aeb41","0198a9e1-daed-7b93-9c45-a3c7105b740d","intent_accuracy",true,"{}"
"0198ae58-537d-7d73-9b75-7a1905c58c74","0198a9e1-daed-7b93-9c45-a3d126623175","resolution_potential",true,"{}"
"0198ae58-4821-78f1-b1ea-c9df76ec10ea","0198a9d6-f82e-7fc3-9cf9-2c8d08377d04","intent_accuracy",false,"{}"
"0198ae85-de2c-79a1-b3a7-0eaf20697a4b","0198a9d6-f82e-7fc3-9cf9-2c8d08377d04","intent_accuracy",true,"{}"
"0198ae58-53b4-7663-8622-d69cbba263b4","0198a9d6-f82e-7fc3-9cf9-2c90e237d2e3","resolution_potential",true,"{}"
"0198af59-4478-75a0-822c-34ef8ce0e58f","0198af59-2faf-7181-9cfc-17bcbe7abd9c","intent_accuracy",true,"{}"
"0198ae58-3489-7bc1-83ce-b8702493a277","0198a9e4-4520-7ae1-9dec-6fa01012f831","intent_accuracy",false,"{}"
"0198ae85-ca30-79d2-bdbd-63af5676c7c2","0198a9e4-4520-7ae1-9dec-6fa01012f831","intent_accuracy",true,"{}"
"0198ae58-53ec-7422-a5cd-b070cdc8c14c","0198a9e4-4520-7ae1-9dec-6fb9e9590991","resolution_potential",true,"{}"
"0198ae58-39ff-7a30-9283-4c28d73946b1","0198a9e0-a03b-7cf3-9e02-9249bbecc5d8","intent_accuracy",false,"{}"
"0198ae85-cfc2-7fa3-9f48-eefa33d8e791","0198a9e0-a03b-7cf3-9e02-9249bbecc5d8","intent_accuracy",true,"{}"
"0198ae58-5424-7262-80d7-41f24eb13f81","0198a9e0-a03b-7cf3-9e02-92586906918f","resolution_potential",true,"{}"
"0198ae58-3877-7eb2-ad00-cf632c81b307","0198a9e1-a8aa-7652-9e75-091a0a803885","intent_accuracy",false,"{}"
"0198ae85-ce36-7871-9e39-a80408f48df5","0198a9e1-a8aa-7652-9e75-091a0a803885","intent_accuracy",true,"{}"
"0198ae58-545c-7bb3-a28c-f9b82716efb9","0198a9e1-a8aa-7652-9e75-092b5e616642","resolution_potential",true,"{}"
"0198af0d-9859-73a1-80f6-b3c0e78f2295","0198af0d-8083-7b20-a028-565f97418315","intent_accuracy",true,"{}"
"0198ae58-34f8-7b21-80e5-97b40c837920","0198a9e3-ec57-7d40-a05a-ccf259bd2e1e","intent_accuracy",false,"{}"
"0198ae85-caa3-73a3-aa8d-778a6d376279","0198a9e3-ec57-7d40-a05a-ccf259bd2e1e","intent_accuracy",true,"{}"
"0198ae58-5493-7e13-b204-703e51264fd7","0198a9e3-ec57-7d40-a05a-cd0fc06a9d4c","resolution_potential",true,"{}"
"0198ae58-36f2-79c2-b3b2-eb6d8a4d5132","0198a9e2-b17f-7f62-a086-6e3a3abeceb1","intent_accuracy",false,"{}"
"0198ae85-cca9-7193-bcbf-7db1674ff1ee","0198a9e2-b17f-7f62-a086-6e3a3abeceb1","intent_accuracy",true,"{}"
"0198ae58-54cb-7463-9a36-f651ea9900ba","0198a9e2-b17f-7f62-a086-6e43af727d1a","resolution_potential",true,"{}"
"0198af4b-26b4-75e3-b919-10d9eee95518","0198af4a-d784-7722-a0da-5ea2ac536186","intent_accuracy",true,"{}"
"0198af4b-26b5-7aa3-b9c6-2bd7062f314e","0198af4a-d784-7722-a0da-5ebb17b52375","resolution_potential",true,"{}"
"0198ae58-462b-7352-a6b0-d08544722aaf","0198a9d8-1c49-78b1-a0e7-83240364c3db","intent_accuracy",false,"{}"
"0198ae85-dc31-7df0-84b2-3d719066dbe6","0198a9d8-1c49-78b1-a0e7-83240364c3db","intent_accuracy",true,"{}"
"0198ae58-5502-70c3-913a-8aae3bdc00da","0198a9d8-1c49-78b1-a0e7-83363aa967ee","resolution_potential",true,"{}"
"0198ae58-3568-7021-94f7-49a4f9b56371","0198a9e3-9e41-7153-a16d-6246c74229c8","intent_accuracy",false,"{}"
"0198ae85-cb18-7220-b428-db511ea67be4","0198a9e3-9e41-7153-a16d-6246c74229c8","intent_accuracy",true,"{}"
"0198ae58-553a-7ba3-a99b-356b61e1d38b","0198a9e3-9e41-7153-a16d-625732c20f10","resolution_potential",true,"{}"
"0198ae58-40f3-7982-9738-3eb7aef43258","0198a9db-f0e8-7d90-a239-c17562b6c57a","intent_accuracy",false,"{}"
"0198ae85-d6db-7ba3-9067-7fc26a8d9ba7","0198a9db-f0e8-7d90-a239-c17562b6c57a","intent_accuracy",true,"{}"
"0198ae58-5572-7b22-9e8b-eac346e7ccf5","0198a9db-f0e8-7d90-a239-c18a7ac650e9","resolution_potential",true,"{}"
"0198ae58-3649-7fd0-b61c-702cf7789409","0198a9e3-1718-7402-a252-98a8e5161aa0","intent_accuracy",false,"{}"
"0198ae85-cbff-76d0-9ba6-ada8c81164ec","0198a9e3-1718-7402-a252-98a8e5161aa0","intent_accuracy",true,"{}"
"0198ae58-55ab-7b02-92be-81aa948e48bb","0198a9e3-1718-7402-a252-98b3a8f5f44f","resolution_potential",true,"{}"
"0198af0a-8477-7063-a4d6-d5bfa086960b","0198af0a-6b2d-7222-a2c1-b304313a9223","intent_accuracy",true,"{}"
"0198ae58-469b-74e1-b855-1aab5f866776","0198a9d7-d9f5-72e3-a35c-64e8974b6490","intent_accuracy",false,"{}"
"0198ae85-dca2-7140-9b89-0ec7a371b1e3","0198a9d7-d9f5-72e3-a35c-64e8974b6490","intent_accuracy",true,"{}"
"0198ae58-55e2-7f83-808c-85b2aa75c230","0198a9d7-d9f5-72e3-a35c-64fd6a24bb25","resolution_potential",true,"{}"
"0198ae58-3ae1-7df1-b772-9455d94c23e4","0198a9e0-1223-7b92-a38e-b174292ee838","intent_accuracy",false,"{}"
"0198ae85-d0a4-7b72-b514-38553933497e","0198a9e0-1223-7b92-a38e-b174292ee838","intent_accuracy",true,"{}"
"0198ae58-561a-7763-aafc-a02c4287b80c","0198a9e0-1223-7b92-a38e-b181ed32d9d7","resolution_potential",true,"{}"
"0198ae58-42e9-7a41-8fda-d9ddd457f944","0198a9da-82b7-73d3-a3b7-b52c08a5c75e","intent_accuracy",false,"{}"
"0198ae85-d8da-76c3-a42d-82bb2093ee8a","0198a9da-82b7-73d3-a3b7-b52c08a5c75e","intent_accuracy",true,"{}"
"0198ae58-5652-7ad1-ba02-c0a71204ec7f","0198a9da-82b7-73d3-a3b7-b53afe382e89","resolution_potential",true,"{}"
"0198af0f-ea58-72b3-ad84-ccc820222ac5","0198af0f-bde9-7300-a458-ba48ed850a49","intent_accuracy",true,"{}"
"0198ae58-3e23-7c13-b32c-d8ac403cc692","0198a9dd-e4d6-7d02-a47d-51a43d8146f4","intent_accuracy",false,"{}"
"0198ae85-d3f7-75d0-9462-c3812759f0e4","0198a9dd-e4d6-7d02-a47d-51a43d8146f4","intent_accuracy",true,"{}"
"0198ae58-568a-7213-928d-460d4ce64581","0198a9dd-e4d6-7d02-a47d-51b2221ded17","resolution_potential",true,"{}"
"0198ae58-3db3-7f53-a8d2-f3e5c6a2a947","0198a9de-2756-70c2-a4a2-106d41c43c52","intent_accuracy",false,"{}"
"0198ae85-d386-7592-b9b3-146a5918525a","0198a9de-2756-70c2-a4a2-106d41c43c52","intent_accuracy",true,"{}"
"0198ae58-56c2-7fa2-82c7-aec8a2b2bd18","0198a9de-2756-70c2-a4a2-1072c018ba23","resolution_potential",true,"{}"
"0198af1d-5e0a-72d0-95aa-b6c18b8f27b7","0198af1d-2f8c-7902-a4c9-00091cb3ba5b","intent_accuracy",true,"{}"
"0198af3f-976c-7ff3-aab8-bf0e1216ac5d","0198af3f-6304-74d0-a581-7341e0140472","intent_accuracy",true,"{}"
"0198ae58-4243-7602-aec6-59b6c574d99d","0198a9da-f391-7741-a607-600e2524efa0","intent_accuracy",false,"{}"
"0198ae85-d82f-7721-a6d1-d2b98efcd623","0198a9da-f391-7741-a607-600e2524efa0","intent_accuracy",true,"{}"
"0198ae58-56fa-7620-9338-76f7315f0193","0198a9da-f391-7741-a607-601777c4a6cf","resolution_potential",true,"{}"
"0198ae58-37d2-7b42-b16b-b19898a6495d","0198a9e2-184f-7391-a639-be076dd64c3d","intent_accuracy",false,"{}"
"0198ae85-cd8b-7ff2-8057-d563f8426903","0198a9e2-184f-7391-a639-be076dd64c3d","intent_accuracy",true,"{}"
"0198ae58-5732-7982-85ea-ec708aef1104","0198a9e2-184f-7391-a639-be1e732f447a","resolution_potential",true,"{}"
"0198af3e-f1bf-7521-8eb8-4ce397c7a72e","0198af3e-bcfb-7380-a6ef-b290113ceb20","intent_accuracy",true,"{}"
"0198ae58-3a6e-79b2-b265-749de5c6f256","0198a9e0-51b6-7771-a75a-c541df168d91","intent_accuracy",false,"{}"
"0198ae85-d032-7e40-a3df-dfe9bbced2af","0198a9e0-51b6-7771-a75a-c541df168d91","intent_accuracy",true,"{}"
"0198ae58-576a-7b31-b26d-5f63f8b5c7fd","0198a9e0-51b6-7771-a75a-c5585624a119","resolution_potential",true,"{}"
"0198aef1-da9d-72f1-b473-909d81147a5c","0198aef1-b63f-7133-a79b-b9fb93e3d350","intent_accuracy",true,"{}"
"0198a978-68f8-7b01-a802-b02ecbfca633","0198a978-64af-7cb1-a902-64346960428c","intent_accuracy",true,"{}"
"0198af39-2449-79c2-bc71-cdb609123a5d","0198af38-e024-7210-a950-939cba6912a2","intent_accuracy",true,"{}"
"0198af39-244a-7033-8b18-07b9bb9bc699","0198af38-e024-7210-a950-93aa9ed177f5","resolution_potential",true,"{}"
"0198ae58-4892-7fc0-a6fd-e5d793291faf","0198a9d6-a99c-71a3-a992-759cf4a5857d","intent_accuracy",false,"{}"
"0198ae85-dea2-7de0-aafa-6f105f305c66","0198a9d6-a99c-71a3-a992-759cf4a5857d","intent_accuracy",true,"{}"
"0198ae58-57a2-7311-9c20-4480021f3fae","0198a9d6-a99c-71a3-a992-75a54165ed23","resolution_potential",true,"{}"
"0198ae58-47b2-78b1-a384-f683dc1d4f30","0198a9d7-464d-7f31-a9c8-46aa36c37d43","intent_accuracy",false,"{}"
"0198ae85-ddbb-7ac1-943f-07e6a243ed77","0198a9d7-464d-7f31-a9c8-46aa36c37d43","intent_accuracy",true,"{}"
"0198ae58-57da-7042-b51b-1ac852b958e2","0198a9d7-464d-7f31-a9c8-46bc38357156","resolution_potential",true,"{}"
"0198ae58-3531-7650-86e2-234a0dc9fbd9","0198a9e3-c3dc-7ef2-a9d5-051f9e3b1051","intent_accuracy",false,"{}"
"0198ae85-cade-72d0-bf6a-c715dcd9f588","0198a9e3-c3dc-7ef2-a9d5-051f9e3b1051","intent_accuracy",true,"{}"
"0198ae58-5812-7251-8288-7201420e2f8c","0198a9e3-c3dc-7ef2-a9d5-0529f4a31f00","resolution_potential",true,"{}"
"0198af0e-ce09-77d3-a20d-092d96c457bf","0198af0e-a44a-7751-ab79-58044f7a6ac2","intent_accuracy",true,"{}"
"0198ae58-4390-7550-9fa7-a2f8b9ca1f9a","0198a9d9-ff39-7dd0-ac61-eff65b8176b3","intent_accuracy",false,"{}"
"0198ae85-d983-7851-b6ed-f8fe437c9efe","0198a9d9-ff39-7dd0-ac61-eff65b8176b3","intent_accuracy",true,"{}"
"0198ae58-584a-7df2-9030-4d13e3786e40","0198a9d9-ff39-7dd0-ac61-f00e6f206970","resolution_potential",true,"{}"
"0198ae58-404d-75b1-82cc-4e373e0d0cdd","0198a9dc-5454-78a1-ac62-3939de582572","intent_accuracy",false,"{}"
"0198ae85-d631-7560-af92-50f3bc67badd","0198a9dc-5454-78a1-ac62-3939de582572","intent_accuracy",true,"{}"
"0198ae58-5882-7eb2-bea9-c5e6057b8c7a","0198a9dc-5454-78a1-ac62-394647ef7848","resolution_potential",true,"{}"
"0198ae58-446d-7202-ba2c-a02e030a7436","0198a9d9-5997-7f51-ad0a-548668756425","intent_accuracy",false,"{}"
"0198ae85-da66-7793-94ed-5c124ccaa1c9","0198a9d9-5997-7f51-ad0a-548668756425","intent_accuracy",true,"{}"
"0198ae58-58b9-7960-a97f-56c2bd38a13e","0198a9d9-5997-7f51-ad0a-54937d74a073","resolution_potential",true,"{}"
"0198ae58-412b-7c12-89c8-0fe929a7f6a0","0198a9db-c770-7d71-ad8d-2f1b341381ed","intent_accuracy",false,"{}"
"0198ae85-d714-7b63-977c-c4dd7bbb5179","0198a9db-c770-7d71-ad8d-2f1b341381ed","intent_accuracy",true,"{}"
"0198ae58-58f1-7e81-b476-65736db5711e","0198a9db-c770-7d71-ad8d-2f2bd91059f9","resolution_potential",true,"{}"
"0198af3c-15c3-7bf1-87bc-b85f2b19ca96","0198af3b-f744-7073-adf7-757fadbc1d28","intent_accuracy",true,"{}"
"0198af3c-15c4-7e11-b871-16aa43f14687","0198af3b-f744-7073-adf7-758b0c4893de","resolution_potential",true,"{}"
"0198af38-59ac-7832-8123-dfadb7e450aa","0198af38-05e4-7c13-ae0e-1b301ee897f1","intent_accuracy",true,"{}"
"0198ae58-3f39-7d82-93d4-bd26df0e8400","0198a9dc-fb6b-7ad1-ae4d-4386eb841664","intent_accuracy",false,"{}"
"0198ae85-d511-79f3-844c-b8313df17452","0198a9dc-fb6b-7ad1-ae4d-4386eb841664","intent_accuracy",true,"{}"
"0198ae58-5928-7270-8f7c-b05bbdf3f7b9","0198a9dc-fb6b-7ad1-ae4d-439623c4b625","resolution_potential",true,"{}"
"0198aea8-3228-7862-a99c-6c234fe4015a","0198aea8-1a46-7af1-ae6f-6a62facc6060","intent_accuracy",false,"{}"
"0198ae58-4515-74c2-9897-2ab708cd49a8","0198a9d8-da78-76d1-ae83-31eedb0b6902","intent_accuracy",false,"{}"
"0198ae85-db0f-7ca2-90ed-6d6642002da0","0198a9d8-da78-76d1-ae83-31eedb0b6902","intent_accuracy",true,"{}"
"0198ae58-5960-7323-bf96-5bcba739ac77","0198a9d8-da78-76d1-ae83-31fdb18a697e","resolution_potential",true,"{}"
"0198ae58-341a-7843-b0d5-ef3c705c7d3d","0198a9e4-a18f-7e93-aebb-d16bc2f448ff","intent_accuracy",false,"{}"
"0198ae85-c9bc-7a33-a389-c9279e3f35d1","0198a9e4-a18f-7e93-aebb-d16bc2f448ff","intent_accuracy",true,"{}"
"0198ae58-5998-7743-9a41-e4a1fd0466d5","0198a9e4-a18f-7e93-aebb-d17b47623421","resolution_potential",true,"{}"
"0198af11-ca22-7a31-ac63-b00296ab94fd","0198af11-a2ab-7623-af38-332fb0b97b6a","intent_accuracy",true,"{}"
"0198ae58-3fdf-7ef3-a4ce-68e162ea8044","0198a9dc-939a-7190-afbd-c94d6f09d96e","intent_accuracy",false,"{}"
"0198ae85-d5bb-7793-8a6a-6a2cbee12921","0198a9dc-939a-7190-afbd-c94d6f09d96e","intent_accuracy",true,"{}"
"0198ae58-59d0-7b00-8450-fc6a2426261b","0198a9dc-939a-7190-afbd-c95092d22017","resolution_potential",true,"{}"
"0198ae58-4320-7ce1-9625-155792a255a8","0198a9da-626e-7a20-b131-510d53b977e9","intent_accuracy",false,"{}"
"0198ae85-d912-77a2-84b1-cdbf4f9bbdea","0198a9da-626e-7a20-b131-510d53b977e9","intent_accuracy",true,"{}"
"0198ae58-5a07-7233-a81d-1a91ebce53e2","0198a9da-626e-7a20-b131-51160005700e","resolution_potential",true,"{}"
"0198aef3-5662-7402-89b9-238ce4e46b1c","0198aef3-41f8-7ed3-b287-4aad4a32ef7f","intent_accuracy",true,"{}"
"0198ae58-3c2f-7e21-873f-cf3dab60f910","0198a9df-0ef7-7031-b2c1-bacb145cdff9","intent_accuracy",false,"{}"
"0198ae85-d1f8-77c3-97dc-5204b4cc38f8","0198a9df-0ef7-7031-b2c1-bacb145cdff9","intent_accuracy",true,"{}"
"0198ae58-5a3e-7590-990f-e82ef2b68dc0","0198a9df-0ef7-7031-b2c1-bad61566fbbb","resolution_potential",true,"{}"
"0198ae58-47e9-78d3-af70-1e176cd3605d","0198a9d7-0f0f-7c11-b324-5acfa57849b1","intent_accuracy",false,"{}"
"0198ae85-ddf4-7e12-97f0-dc348c5f7b83","0198a9d7-0f0f-7c11-b324-5acfa57849b1","intent_accuracy",true,"{}"
"0198ae58-5a76-7db1-a830-ec733ee30388","0198a9d7-0f0f-7c11-b324-5ad73f62c323","resolution_potential",true,"{}"
"0198a978-60ba-70b3-95c9-f485700c8529","0198a978-58ce-74c1-b32a-e4c18556c790","intent_accuracy",true,"{}"
"0198ae58-39c6-7af2-b9a7-cff599f27a42","0198a9e0-bd74-7870-b341-97b64d131989","intent_accuracy",false,"{}"
"0198ae85-cf8a-7061-bbc1-4ea425ba0301","0198a9e0-bd74-7870-b341-97b64d131989","intent_accuracy",true,"{}"
"0198ae58-5aae-7351-8f4b-e52b457d8183","0198a9e0-bd74-7870-b341-97c06ea3b6c8","resolution_potential",true,"{}"
"0198af4a-45ef-77e3-a3dc-28e6d713f480","0198af4a-1c4a-7332-b35f-eecab4e423b6","intent_accuracy",true,"{}"
"0198af4a-45f0-7311-a32b-b3b24b0b1c95","0198af4a-1c4a-7332-b35f-eedee733af8d","resolution_potential",true,"{}"
"0198ae58-5f42-77f3-88d3-879a9ad52626","0198aa12-c0ed-7b13-b372-617898002e7a","resolution_potential",true,"{}"
"0198ae58-3aa6-7510-8bd1-c6f7f6920669","0198a9e0-3b78-7891-b49e-e7f9f4785c97","intent_accuracy",false,"{}"
"0198ae85-d06b-7522-b133-5f82bc214607","0198a9e0-3b78-7891-b49e-e7f9f4785c97","intent_accuracy",true,"{}"
"0198ae58-5ae5-7843-b620-c096c848cdac","0198a9e0-3b78-7891-b49e-e80fb012a40f","resolution_potential",true,"{}"
"0198a978-7bb0-7fe3-b322-e7cf7db77e7e","0198a978-76ee-7972-b4dc-cfa29eafeb25","intent_accuracy",true,"{}"
"0198af01-b46c-7760-b74c-4dc0975fa63d","0198af01-9fae-7632-b52d-277e15f98b2c","intent_accuracy",true,"{}"
"0198ae58-38e8-7ee0-839e-0af7cc66b1c4","0198a9e1-6b27-7fc0-b609-6e1c3ed6a0f7","intent_accuracy",false,"{}"
"0198ae85-cea7-7b40-a750-56604fab2e0b","0198a9e1-6b27-7fc0-b609-6e1c3ed6a0f7","intent_accuracy",true,"{}"
"0198ae58-5b1d-7521-b213-1ed7405853da","0198a9e1-6b27-7fc0-b609-6e2defb3d533","resolution_potential",true,"{}"
"0198ae58-4016-7963-b3ee-d335c712110e","0198a9dc-72b6-73d2-b660-d2a887f38ca1","intent_accuracy",false,"{}"
"0198ae85-d5f7-7993-89c2-670140d72797","0198a9dc-72b6-73d2-b660-d2a887f38ca1","intent_accuracy",true,"{}"
"0198ae58-5b55-7381-8622-e33ce09e78da","0198a9dc-72b6-73d2-b660-d2b5b6331dd5","resolution_potential",true,"{}"
"0198ae58-3b19-7a81-99bf-a2a2fd8c3b64","0198a9df-e9ad-7800-b768-a46437620b24","intent_accuracy",false,"{}"
"0198ae85-d0dc-76a3-bc02-a0777800136c","0198a9df-e9ad-7800-b768-a46437620b24","intent_accuracy",true,"{}"
"0198ae58-5b8c-7ca2-8613-3fc9fae9ef5f","0198a9df-e9ad-7800-b768-a47324b386ab","resolution_potential",true,"{}"
"0198ae58-3e5a-75c3-a011-fc71a5851b75","0198a9dd-bcc1-74d3-b98b-67a85360529b","intent_accuracy",false,"{}"
"0198ae85-d430-74d1-9585-0bed529c3381","0198a9dd-bcc1-74d3-b98b-67a85360529b","intent_accuracy",true,"{}"
"0198ae58-5bc4-74e2-b6d1-2dab74771dd8","0198a9dd-bcc1-74d3-b98b-67bc931f1e58","resolution_potential",true,"{}"
"0198a978-8943-7df0-a6bb-adaf376a9fdf","0198a978-7fa4-75c3-b9e9-246bcc6e53f9","intent_accuracy",true,"{}"
"0198ae58-3809-7750-8f4c-9033dfb78890","0198a9e1-f952-74b2-bb09-349253202006","intent_accuracy",false,"{}"
"0198ae85-cdc5-7130-b2ac-d74a4c9144fa","0198a9e1-f952-74b2-bb09-349253202006","intent_accuracy",true,"{}"
"0198ae58-5bfb-74c0-b293-30b7506ed00a","0198a9e1-f952-74b2-bb09-34a9fc55f7a7","resolution_potential",true,"{}"
"0198af23-354a-7133-bf5f-e1027711a7db","0198af23-0245-7d62-bb23-a1aec85b7753","intent_accuracy",true,"{}"
"0198aeb2-ea5f-7363-8033-94b0772d508b","0198aeb2-d44e-7af2-bb88-d8af0df700d4","intent_accuracy",true,"{}"
"0198ae58-3d0c-7eb2-8fc9-315cddd97137","0198a9de-8e53-77e0-bbff-5e89aaaa14c3","intent_accuracy",false,"{}"
"0198ae85-d2de-7d42-ba54-365c57056765","0198a9de-8e53-77e0-bbff-5e89aaaa14c3","intent_accuracy",true,"{}"
"0198ae58-5c33-7463-bd8f-d64f84f51ad6","0198a9de-8e53-77e0-bbff-5e90524d25a8","resolution_potential",true,"{}"
"0198ae58-3f01-7b70-b655-ea2819d1b0ac","0198a9dd-2bdd-74b0-bc81-e0bf149dc4a4","intent_accuracy",false,"{}"
"0198ae85-d4d9-7bd2-aa00-7cdec29b1d18","0198a9dd-2bdd-74b0-bc81-e0bf149dc4a4","intent_accuracy",true,"{}"
"0198ae58-5c6b-7460-8c06-a5e445c43384","0198a9dd-2bdd-74b0-bc81-e0c974d9e40e","resolution_potential",true,"{}"
"0198aeb5-33e8-77a0-958d-e40a76d308a7","0198aeb5-21a6-77e0-bc85-a7ed9c958ec9","intent_accuracy",true,"{}"
"0198ae58-3c67-7a02-b1d7-89605aba2c67","0198a9de-e280-75f3-bce0-47818293ad1d","intent_accuracy",false,"{}"
"0198ae85-d231-78b0-a078-bdf7c0109493","0198a9de-e280-75f3-bce0-47818293ad1d","intent_accuracy",true,"{}"
"0198ae58-5ca3-7a01-815a-cc75d5927b09","0198a9de-e280-75f3-bce0-479f09a1cf4c","resolution_potential",true,"{}"
"0198ae58-43fe-7181-bc7d-00ca17218a3a","0198a9d9-a49e-7370-bcef-7208ac5b8fb0","intent_accuracy",false,"{}"
"0198ae85-d9f3-79f2-9b52-3139a0bcc969","0198a9d9-a49e-7370-bcef-7208ac5b8fb0","intent_accuracy",true,"{}"
"0198ae58-5cda-7252-a340-cd3a2a6f77a1","0198a9d9-a49e-7370-bcef-721ac5761bd3","resolution_potential",true,"{}"
"0198ae58-44de-7be3-b362-496fb13968ca","0198a9d8-fc40-7262-bd0b-c72acaaaf99d","intent_accuracy",false,"{}"
"0198ae85-dad7-79c0-97d6-f5f853050ff7","0198a9d8-fc40-7262-bd0b-c72acaaaf99d","intent_accuracy",true,"{}"
"0198ae58-5d12-7f91-a306-023e5c618484","0198a9d8-fc40-7262-bd0b-c7323904ec30","resolution_potential",true,"{}"
"0198ae58-3dea-7151-a074-e4335e0dd020","0198a9dd-fd04-7ef1-bde2-66f68a4f7410","intent_accuracy",false,"{}"
"0198ae85-d3be-7a10-8c41-f9aa89bbee81","0198a9dd-fd04-7ef1-bde2-66f68a4f7410","intent_accuracy",true,"{}"
"0198ae58-5d4a-7062-99a2-9af798407ca4","0198a9dd-fd04-7ef1-bde2-670b0d4809f0","resolution_potential",true,"{}"
"0198ae58-3729-72e1-8ee8-54636b2d49c5","0198a9e2-9850-7043-be0f-a7356ce4d24a","intent_accuracy",false,"{}"
"0198ae85-cce1-77a0-bb70-fe68b2a41224","0198a9e2-9850-7043-be0f-a7356ce4d24a","intent_accuracy",true,"{}"
"0198ae58-5d82-7070-bf2e-e8454449ab9f","0198a9e2-9850-7043-be0f-a748bb5d6205","resolution_potential",true,"{}"
"0198ae58-3762-7900-9c79-eec94de250ac","0198a9e2-6cea-7eb3-be27-95e706712c11","intent_accuracy",false,"{}"
"0198ae85-cd19-7a72-89b1-96e796bf1c3b","0198a9e2-6cea-7eb3-be27-95e706712c11","intent_accuracy",true,"{}"
"0198ae58-5dba-7fe1-8c91-743388191d2a","0198a9e2-6cea-7eb3-be27-95fd5b03ebdc","resolution_potential",true,"{}"
"0198ae58-42b2-7bd3-b3bb-81846635dac5","0198a9da-a4b0-7d30-be62-fcb4ea4a3a72","intent_accuracy",false,"{}"
"0198ae85-d8a2-72a1-9c4b-ef5515b224fd","0198a9da-a4b0-7d30-be62-fcb4ea4a3a72","intent_accuracy",true,"{}"
"0198ae58-5df2-7643-b60b-15f041795f8e","0198a9da-a4b0-7d30-be62-fcc4e12e2622","resolution_potential",true,"{}"
"0198aefc-ae5b-7160-bb62-ebc944f60ed3","0198aefc-9a8e-7f02-bea9-fc7c48b9c715","intent_accuracy",true,"{}"
"0198aeb3-ad85-7e22-b1ac-40dfd7d2f376","0198aeb3-96ab-74d0-bec0-c564397b3b00","intent_accuracy",true,"{}"
"0198ae58-493a-7220-822b-837c318d5ecd","0198a9d6-41ba-7722-beda-402fb4b66855","intent_accuracy",false,"{}"
"0198ae85-df4e-7861-b987-86de31ca5c79","0198a9d6-41ba-7722-beda-402fb4b66855","intent_accuracy",true,"{}"
"0198ae58-5e2b-7533-8242-2dd0ab533259","0198a9d6-41ba-7722-beda-403d58b7e3ca","resolution_potential",true,"{}"
"0198ae58-3957-7f82-a3ad-156bf6a5b321","0198a9e1-0eb4-7c83-bfa9-f2793fd8f7ef","intent_accuracy",false,"{}"
"0198ae85-cf18-7610-ad4f-86f8766c7895","0198a9e1-0eb4-7c83-bfa9-f2793fd8f7ef","intent_accuracy",true,"{}"
"0198ae58-5e63-73a1-9d9a-ee848341d3d7","0198a9e1-0eb4-7c83-bfa9-f28014a50100","resolution_potential",true,"{}"
"0198ae58-3452-73e3-94ec-a5a42f2b5f3b","0198a9e4-6445-7261-bfba-f133c595035e","intent_accuracy",false,"{}"
"0198ae85-c9f6-7bb2-b1c0-6989d14f79cb","0198a9e4-6445-7261-bfba-f133c595035e","intent_accuracy",true,"{}"
"0198ae58-5e9b-78c0-ba67-895819ba487b","0198a9e4-6445-7261-bfba-f14b9a3b595e","resolution_potential",true,"{}"
"0198af30-402f-7502-8afb-a338e7446c80","0198af2f-fb52-73f3-bfc4-bf29d4a353f9","intent_accuracy",true,"{}"
"0198af30-402f-7502-8afb-a34d9fd76df2","0198af2f-fb52-73f3-bfc4-bf361c5518a5","resolution_potential",true,"{}"
"0198ae58-454d-7fe1-b8a7-184c12d31d81","0198a9d8-b85e-7f01-bfdc-df7f22a0f148","intent_accuracy",false,"{}"
"0198ae85-db4a-7e72-9e27-5cf471984826","0198a9d8-b85e-7f01-bfdc-df7f22a0f148","intent_accuracy",true,"{}"
"0198ae58-5ed2-77e3-96d3-fb6e5d8c1bb3","0198a9d8-b85e-7f01-bfdc-df819ddda298","resolution_potential",true,"{}"
"0198ae58-419b-7370-a6f8-5a51b63d56b7","0198a9db-63d4-7d63-bff9-4e65630351a2","intent_accuracy",false,"{}"
"0198ae85-d785-7911-bc94-44e3bad487d3","0198a9db-63d4-7d63-bff9-4e65630351a2","intent_accuracy",true,"{}"
"0198ae58-5f0b-7cd3-a53a-a86ffb106beb","0198a9db-63d4-7d63-bff9-4e79b90b0ab4","resolution_potential",true,"{}"
"0198af6d-7448-7b41-9a07-ef3cba0eddd8","0198af6d-39bd-7ab2-89aa-24901e0fa095","intent_accuracy",true,"{}"
"0198af6f-d985-7582-ab26-f14d088ecdeb","0198af6f-b007-7c41-b2d4-f207c6974b9a","intent_accuracy",true,"{}"
"0198af6f-d985-7582-ab26-f161a5ce6950","0198af6f-b007-7c41-b2d4-f21951ed6874","resolution_potential",true,"{}"
